{"cameraMode":{"drawMode":0,"name":"Shaded","section":"Shading Mode"},"sceneLighting":false,"audioPlay":false,"sceneViewState":{"showFog":false,"showMaterialUpdate":false,"showSkybox":false,"showFlares":false,"showImageEffects":false,"showParticleSystems":false},"in2DMode":false,"pivot":{"x":663.39453125,"y":623.260498046875,"z":-1.760745882987976},"rotation":{"x":-0.0018067866330966354,"y":0.05606799200177193,"z":-0.00010140394442714751,"w":-0.9984268546104431},"size":904.8436279296875,"orthographic":false}